Workbook

Sheet Commandes_achat
A1: ID_Commande | B1: Date_Commande | C1: ID_Fournisseur | D1: ID_Article | E1: Usine | F1: Quantite | G1: Prix_Unitaire | H1: Date_Livraison_Prevue | I1: Date_Livraison_Reelle | J1: Statut_Commande | K1: Devise | L1: Acheteur | M1: Valeur_Commande | N1: Delai_Livraison_Jours | O1: Ecart_Prix | P1: Source_Systeme
A2: PO202600001 | B2: 45901 | C2: F014 | D2: A0003 | E2: MTL-01 | F2: 134 | G2: 352.87 | H2: 45957 | I2: 45957 | J2: Fermée | K2: CAD | L2: V. Lavoie | M2: =F2*G2 -> 47284.58 | N2: =IF(I2="","",I2-B2) -> 56 | O2: =IFERROR((G2-_xludf.XLOOKUP(D2,Articles!A:A,Articles!D:D))/_xludf.XLOOKUP(D2,Articles!A:A,Articles!D:D),"") | P2: Manuel
A3: PO202600002 | B3: 46085 | C3: F004 | D3: A0021 | E3: TRV-02 | F3: 231 | G3: 377.46 | H3: 46107 | I3: 46111 | J3: Fermée | K3: CAD | L3: M. Gagnon | M3: =F3*G3 -> 87193.26 | N3: =IF(I3="","",I3-B3) -> 26 | O3: =IFERROR((G3-_xludf.XLOOKUP(D3,Articles!A:A,Articles!D:D))/_xludf.XLOOKUP(D3,Articles!A:A,Articles!D:D),"") | P3: SAP
A4: PO202600003 | B4: 46074 | C4: F013 | D4: A0027 | E4: MTL-01 | F4: 192 | G4: 278.08 | H4: 46105 | I4: 46106 | J4: Fermée | K4: CAD | L4: S. Côté | M4: =F4*G4 -> 53391.36 | N4: =IF(I4="","",I4-B4) -> 32 | O4: =IFERROR((G4-_xludf.XLOOKUP(D4,Articles!A:A,Articles!D:D))/_xludf.XLOOKUP(D4,Articles!A:A,Articles!D:D),"") | P4: Excel
A5: PO202600004 | B5: 46102 | C5: F014 | D5: A0014 | E5: QC-01 | F5: 149 | G5: 389.6 | H5: 46115 | I5: 46122 | J5: Fermée | K5: CAD | L5: M. Gagnon | M5: =F5*G5 -> 58050.4 | N5: =IF(I5="","",I5-B5) -> 20 | O5: =IFERROR((G5-_xludf.XLOOKUP(D5,Articles!A:A,Articles!D:D))/_xludf.XLOOKUP(D5,Articles!A:A,Articles!D:D),"") | P5: SAP
A6: PO202600005 | B6: 45973 | C6: F003 | D6: A0043 | E6: TRV-02 | F6: 132 | G6: 129.53 | H6: 46022 | I6: 46032 | J6: Ouverte | K6: CAD | L6: S. Côté | M6: =F6*G6 -> 17097.96 | N6: =IF(I6="","",I6-B6) -> 59 | O6: =IFERROR((G6-_xludf.XLOOKUP(D6,Articles!A:A,Articles!D:D))/_xludf.XLOOKUP(D6,Articles!A:A,Articles!D:D),"") | P6: Manuel
A7: PO202600006 | B7: 45938 | C7: F007 | D7: A0015 | E7: TRV-02 | F7: 7 | G7: 88.53 | H7: 45973 | J7: Fermée | K7: CAD | L7: J. Bouchard | M7: =F7*G7 -> 619.71 | N7: =IF(I7="","",I7-B7) | O7: =IFERROR((G7-_xludf.XLOOKUP(D7,Articles!A:A,Articles!D:D))/_xludf.XLOOKUP(D7,Articles!A:A,Articles!D:D),"") | P7: Excel
A8: PO202600007 | B8: 45963 | C8: F013 | D8: A0032 | E8: QC-01 | F8: 38 | G8: 68.9 | H8: 45982 | I8: 45981 | J8: Fermée | K8: CAD | L8: A. Tremblay | M8: =F8*G8 -> 2618.2 | N8: =IF(I8="","",I8-B8) -> 18 | O8: =IFERROR((G8-_xludf.XLOOKUP(D8,Articles!A:A,Articles!D:D))/_xludf.XLOOKUP(D8,Articles!A:A,Articles!D:D),"") | P8: SAP
A9: PO202600008 | B9: 46118 | C9: F008 | D9: A0036 | E9: QC-01 | F9: 32 | G9: 298.83 | H9: 46150 | I9: 46162 | J9: Annulée | K9: CAD | L9: V. Lavoie | M9: =F9*G9 -> 9562.56 | N9: =IF(I9="","",I9-B9) -> 44 | O9: =IFERROR((G9-_xludf.XLOOKUP(D9,Articles!A:A,Articles!D:D))/_xludf.XLOOKUP(D9,Articles!A:A,Articles!D:D),"") | P9: SAP
A10: PO202600009 | B10: 46113 | C10: F014 | D10: A0033 | E10: MTL-01 | F10: 233 | G10: 259.6 | H10: 46125 | I10: 46141 | J10: Fermée | K10: CAD | L10: V. Lavoie | M10: =F10*G10 -> 60486.8 | N10: =IF(I10="","",I10-B10) -> 28 | O10: =IFERROR((G10-_xludf.XLOOKUP(D10,Articles!A:A,Articles!D:D))/_xludf.XLOOKUP(D10,Articles!A:A,Articles!D:D),"") | P10: Excel
A11: PO202600010 | B11: 45971 | C11: F004 | D11: A0032 | E11: TRV-01 | F11: 113 | G11: 57.48 | H11: 45994 | I11: 45994 | J11: Fermée | K11: CAD | L11: M. Gagnon | M11: =F11*G11 -> 6495.24 | N11: =IF(I11="","",I11-B11) -> 23 | O11: =IFERROR((G11-_xludf.XLOOKUP(D11,Articles!A:A,Articles!D:D))/_xludf.XLOOKUP(D11,Articles!A:A,Articles!D:D),"") | P11: SAP
A12: PO202600011 | B12: 45999 | C12: F914 | D12: A0010 | E12: QC-01 | F12: 178 | G12: 192.09 | H12: 46051 | I12: 46050 | J12: Fermée | K12: CAD | L12: J. Bouchard | M12: =F12*G12 -> 34192.02 | N12: =IF(I12="","",I12-B12) -> 51 | O12: =IFERROR((G12-_xludf.XLOOKUP(D12,Articles!A:A,Articles!D:D))/_xludf.XLOOKUP(D12,Articles!A:A,Articles!D:D),"") | P12: SAP
A13: PO202600012 | B13: 46114 | C13: F007 | D13: A0004 | E13: QC-01 | F13: 108 | G13: 194.95 | H13: 46159 | I13: 46156 | J13: Partiellement reçue | K13: CAD | L13: J. Bouchard | M13: =F13*G13 -> 21054.6 | N13: =IF(I13="","",I13-B13) -> 42 | O13: =IFERROR((G13-_xludf.XLOOKUP(D13,Articles!A:A,Articles!D:D))/_xludf.XLOOKUP(D13,Articles!A:A,Articles!D:D),"") | P13: Manuel
A14: PO202600013 | B14: 45977 | C14: F012 | D14: A0001 | E14: TRV-02 | F14: 193 | G14: 215.46 | H14: 45990 | I14: 46002 | J14: Fermée | K14: CAD | L14: J. Bouchard | M14: =F14*G14 -> 41583.78 | N14: =IF(I14="","",I14-B14) -> 25 | O14: =IFERROR((G14-_xludf.XLOOKUP(D14,Articles!A:A,Articles!D:D))/_xludf.XLOOKUP(D14,Articles!A:A,Articles!D:D),"") | P14: SAP
A15: PO202600014 | B15: 46012 | C15: F009 | D15: A0015 | E15: TRV-02 | F15: 125 | G15: 158.03 | H15: 46045 | I15: 46049 | J15: Fermée | K15: CAD | L15: V. Lavoie | M15: =F15*G15 -> 19753.75 | N15: =IF(I15="","",I15-B15) -> 37 | O15: =IFERROR((G15-_xludf.XLOOKUP(D15,Articles!A:A,Articles!D:D))/_xludf.XLOOKUP(D15,Articles!A:A,Articles!D:D),"") | P15: Excel
A16: PO202600015 | B16: 46001 | C16: F004 | D16: A0035 | E16: QC-01 | F16: 152 | G16: 172.45 | H16: 46054 | I16: 46053 | J16: Fermée | K16: CAD | L16: M. Gagnon | M16: =F16*G16 -> 26212.4 | N16: =IF(I16="","",I16-B16) -> 52 | O16: =IFERROR((G16-_xludf.XLOOKUP(D16,Articles!A:A,Articles!D:D))/_xludf.XLOOKUP(D16,Articles!A:A,Articles!D:D),"") | P16: SAP
A17: PO202600016 | B17: 45998 | C17: F009 | D17: A0004 | E17: QC-01 | F17: 84 | G17: 285.7 | H17: 46039 | I17: 46041 | J17: Fermée | K17: CAD | L17: S. Côté | M17: =F17*G17 -> 23998.8 | N17: =IF(I17="","",I17-B17) -> 43 | O17: =IFERROR((G17-_xludf.XLOOKUP(D17,Articles!A:A,Articles!D:D))/_xludf.XLOOKUP(D17,Articles!A:A,Articles!D:D),"") | P17: SAP
A18: PO202600017 | B18: 45905 | C18: F016 | D18: A0006 | E18: TRV-01 | F18: 192 | G18: 290.34 | H18: 45927 | I18: 45927 | J18: Fermée | K18: CAD | L18: A. Tremblay | M18: =F18*G18 -> 55745.28 | N18: =IF(I18="","",I18-B18) -> 22 | O18: =IFERROR((G18-_xludf.XLOOKUP(D18,Articles!A:A,Articles!D:D))/_xludf.XLOOKUP(D18,Articles!A:A,Articles!D:D),"") | P18: Excel
A19: PO202600018 | B19: 46115 | C19: F019 | D19: A0016 | E19: TRV-02 | F19: 6 | G19: 187.14 | H19: 46171 | I19: 46171 | J19: Fermée | K19: CAD | L19: J. Bouchard | M19: =F19*G19 -> 1122.84 | N19: =IF(I19="","",I19-B19) -> 56 | O19: =IFERROR((G19-_xludf.XLOOKUP(D19,Articles!A:A,Articles!D:D))/_xludf.XLOOKUP(D19,Articles!A:A,Articles!D:D),"") | P19: SAP
... A37: PO202600036 | B37: 45974 | C37: F008 | D37: A0003 | E37: TRV-02 | F37: 181 | G37: 473.5 | H37: 46029 | I37: 46028 | J37: Fermée | K37: CAD | L37: J. Bouchard | M37: =F37*G37 -> 85703.5 | N37: =IF(I37="","",I37-B37) -> 54 | O37: =IFERROR((G37-_xludf.XLOOKUP(D37,Articles!A:A,Articles!D:D))/_xludf.XLOOKUP(D37,Articles!A:A,Articles!D:D),"") | P37: Manuel
A38: PO202600037 | B38: 45958 | C38: F018 | D38: A0008 | E38: MTL-01 | F38: 166 | G38: 377.11 | H38: 46001 | J38: Ouverte | K38: CAD | L38: V. Lavoie | M38: =F38*G38 -> 62600.26 | N38: =IF(I38="","",I38-B38) | O38: =IFERROR((G38-_xludf.XLOOKUP(D38,Articles!A:A,Articles!D:D))/_xludf.XLOOKUP(D38,Articles!A:A,Articles!D:D),"") | P38: SAP
A39: PO202600038 | B39: 46013 | C39: F010 | D39: A0037 | E39: QC-01 | F39: 0 | G39: 435.35 | H39: 46071 | I39: 46075 | J39: Partiellement reçue | K39: CAD | L39: J. Bouchard | M39: =F39*G39 -> 0 | N39: =IF(I39="","",I39-B39) -> 62 | O39: =IFERROR((G39-_xludf.XLOOKUP(D39,Articles!A:A,Articles!D:D))/_xludf.XLOOKUP(D39,Articles!A:A,Articles!D:D),"") | P39: SAP
A40: PO202600039 | B40: 45911 | C40: F020 | D40: A0006 | E40: TRV-01 | F40: 228 | G40: 281.1 | H40: 45933 | I40: 45940 | J40: Ouverte | K40: CAD | L40: S. Côté | M40: =F40*G40 -> 64090.8 | N40: =IF(I40="","",I40-B40) -> 29 | O40: =IFERROR((G40-_xludf.XLOOKUP(D40,Articles!A:A,Articles!D:D))/_xludf.XLOOKUP(D40,Articles!A:A,Articles!D:D),"") | P40: SAP
A41: PO202600040 | B41: 46096 | C41: F015 | D41: A0037 | E41: QC-01 | F41: 194 | G41: 396.66 | H41: 46158 | I41: 46165 | J41: Partiellement reçue | K41: CAD | L41: J. Bouchard | M41: =F41*G41 -> 76952.04 | N41: =IF(I41="","",I41-B41) -> 69 | O41: =IFERROR((G41-_xludf.XLOOKUP(D41,Articles!A:A,Articles!D:D))/_xludf.XLOOKUP(D41,Articles!A:A,Articles!D:D),"") | P41: SAP
A42: PO202600041 | B42: 45990 | C42: F016 | D42: A0006 | E42: QC-01 | F42: 105 | G42: 272.6 | H42: 46017 | I42: 46016 | J42: Partiellement reçue | K42: CAD | L42: S. Côté | M42: =F42*G42 -> 28623 | N42: =IF(I42="","",I42-B42) -> 26 | O42: =IFERROR((G42-_xludf.XLOOKUP(D42,Articles!A:A,Articles!D:D))/_xludf.XLOOKUP(D42,Articles!A:A,Articles!D:D),"") | P42: SAP
A43: PO202600042 | B43: 46109 | C43: F013 | D43: A0043 | E43: QC-01 | F43: 195 | G43: 200.27 | H43: 46156 | I43: 46155 | J43: Fermée | K43: CAD | L43: V. Lavoie | M43: =F43*G43 -> 39052.65 | N43: =IF(I43="","",I43-B43) -> 46 | O43: =IFERROR((G43-_xludf.XLOOKUP(D43,Articles!A:A,Articles!D:D))/_xludf.XLOOKUP(D43,Articles!A:A,Articles!D:D),"") | P43: SAP
A44: PO202600043 | B44: 46019 | C44: F018 | D44: A0001 | E44: QC-01 | F44: 106 | G44: 193.01 | H44: 46034 | I44: 46058 | J44: Fermée | K44: CAD | L44: A. Tremblay | M44: =F44*G44 -> 20459.06 | N44: =IF(I44="","",I44-B44) -> 39 | O44: =IFERROR((G44-_xludf.XLOOKUP(D44,Articles!A:A,Articles!D:D))/_xludf.XLOOKUP(D44,Articles!A:A,Articles!D:D),"") | P44: SAP
A45: PO202600044 | B45: 46041 | C45: F009 | D45: A0014 | E45: TRV-02 | F45: 34 | G45: 425.96 | H45: 46056 | I45: 46063 | J45: Ouverte | K45: CAD | L45: M. Gagnon | M45: =F45*G45 -> 14482.64 | N45: =IF(I45="","",I45-B45) -> 22 | O45: =IFERROR((G45-_xludf.XLOOKUP(D45,Articles!A:A,Articles!D:D))/_xludf.XLOOKUP(D45,Articles!A:A,Articles!D:D),"") | P45: Manuel
A46: PO202600045 | B46: 45904 | C46: F018 | D46: A0020 | E46: TRV-02 | F46: 142 | G46: 87.64 | H46: 45948 | I46: 45947 | J46: Fermée | K46: CAD | L46: J. Bouchard | M46: =F46*G46 -> 12444.88 | N46: =IF(I46="","",I46-B46) -> 43 | O46: =IFERROR((G46-_xludf.XLOOKUP(D46,Articles!A:A,Articles!D:D))/_xludf.XLOOKUP(D46,Articles!A:A,Articles!D:D),"") | P46: SAP
A47: PO202600046 | B47: 46081 | C47: F017 | D47: A9562 | E47: QC-01 | F47: 70 | G47: 213.19 | H47: 46145 | I47: 46152 | J47: Ouverte | K47: CAD | L47: M. Gagnon | M47: =F47*G47 -> 14923.3 | N47: =IF(I47="","",I47-B47) -> 71 | O47: =IFERROR((G47-_xludf.XLOOKUP(D47,Articles!A:A,Articles!D:D))/_xludf.XLOOKUP(D47,Articles!A:A,Articles!D:D),"") | P47: SAP
A48: PO202600047 | B48: 46092 | C48: F017 | D48: A0039 | E48: MTL-01 | F48: 226 | G48: 283.29 | H48: 46120 | I48: 46121 | J48: Fermée | K48: CAD | L48: V. Lavoie | M48: =F48*G48 -> 64023.54 | N48: =IF(I48="","",I48-B48) -> 29 | O48: =IFERROR((G48-_xludf.XLOOKUP(D48,Articles!A:A,Articles!D:D))/_xludf.XLOOKUP(D48,Articles!A:A,Articles!D:D),"") | P48: Excel
A49: PO202600048 | B49: 45973 | C49: F001 | D49: A0018 | E49: QC-01 | F49: 186 | G49: 409.81 | H49: 46022 | I49: 46029 | J49: Partiellement reçue | K49: CAD | L49: S. Côté | M49: =F49*G49 -> 76224.66 | N49: =IF(I49="","",I49-B49) -> 56 | O49: =IFERROR((G49-_xludf.XLOOKUP(D49,Articles!A:A,Articles!D:D))/_xludf.XLOOKUP(D49,Articles!A:A,Articles!D:D),"") | P49: SAP
A50: PO202600049 | B50: 46096 | C50: F018 | D50: A0022 | E50: QC-01 | F50: 140 | G50: 248.33 | H50: 46124 | I50: 46146 | J50: Annulée | K50: CAD | L50: M. Gagnon | M50: =F50*G50 -> 34766.2 | N50: =IF(I50="","",I50-B50) -> 50 | O50: =IFERROR((G50-_xludf.XLOOKUP(D50,Articles!A:A,Articles!D:D))/_xludf.XLOOKUP(D50,Articles!A:A,Articles!D:D),"") | P50: SAP
... A60: PO202600059 | B60: 45998 | C60: F008 | D60: A0007 | E60: QC-01 | F60: 147 | G60: 225.31 | H60: 46022 | I60: 46023 | J60: Ouverte | K60: CAD | L60: S. Côté | M60: =F60*G60 -> 33120.57 | N60: =IF(I60="","",I60-B60) -> 25 | O60: =IFERROR((G60-_xludf.XLOOKUP(D60,Articles!A:A,Articles!D:D))/_xludf.XLOOKUP(D60,Articles!A:A,Articles!D:D),"") | P60: Excel
A61: PO202600060 | B61: 46076 | C61: F019 | D61: A0001 | E61: TRV-02 | F61: 200 | G61: 239.16 | H61: 46083 | J61: Partiellement reçue | K61: CAD | L61: V. Lavoie | M61: =F61*G61 -> 47832 | N61: =IF(I61="","",I61-B61) | O61: =IFERROR((G61-_xludf.XLOOKUP(D61,Articles!A:A,Articles!D:D))/_xludf.XLOOKUP(D61,Articles!A:A,Articles!D:D),"") | P61: Manuel
A62: PO202600061 | B62: 46063 | C62: F008 | D62: A0023 | E62: TRV-01 | F62: 49 | G62: 117.62 | H62: 46101 | I62: 46101 | J62: Fermée | K62: CAD | L62: S. Côté | M62: =F62*G62 -> 5763.38 | N62: =IF(I62="","",I62-B62) -> 38 | O62: =IFERROR((G62-_xludf.XLOOKUP(D62,Articles!A:A,Articles!D:D))/_xludf.XLOOKUP(D62,Articles!A:A,Articles!D:D),"") | P62: Manuel
A63: PO202600062 | B63: 46049 | C63: F002 | D63: A0029 | E63: TRV-02 | F63: -5 | G63: 137.33 | H63: 46091 | I63: 46092 | J63: Fermée | K63: CAD | L63: M. Gagnon | M63: =F63*G63 -> -686.65 | N63: =IF(I63="","",I63-B63) -> 43 | O63: =IFERROR((G63-_xludf.XLOOKUP(D63,Articles!A:A,Articles!D:D))/_xludf.XLOOKUP(D63,Articles!A:A,Articles!D:D),"") | P63: SAP
A64: PO202600063 | B64: 46036 | C64: F012 | D64: A0035 | E64: MTL-01 | F64: 129 | G64: 190.17 | H64: 46091 | I64: 46092 | J64: Partiellement reçue | K64: CAD | L64: S. Côté | M64: =F64*G64 -> 24531.93 | N64: =IF(I64="","",I64-B64) -> 56 | O64: =IFERROR((G64-_xludf.XLOOKUP(D64,Articles!A:A,Articles!D:D))/_xludf.XLOOKUP(D64,Articles!A:A,Articles!D:D),"") | P64: Manuel
A65: PO202600064 | B65: 45920 | C65: F015 | D65: A0008 | E65: MTL-01 | F65: 37 | G65: 453.64 | H65: 45962 | I65: 45966 | J65: Annulée | K65: CAD | L65: A. Tremblay | M65: =F65*G65 -> 16784.68 | N65: =IF(I65="","",I65-B65) -> 46 | O65: =IFERROR((G65-_xludf.XLOOKUP(D65,Articles!A:A,Articles!D:D))/_xludf.XLOOKUP(D65,Articles!A:A,Articles!D:D),"") | P65: Excel
A66: PO202600065 | B66: 45968 | C66: F001 | D66: A0026 | E66: MTL-01 | F66: 138 | G66: 506.45 | H66: 45991 | I66: 45992 | J66: Fermée | K66: CAD | L66: A. Tremblay | M66: =F66*G66 -> 69890.1 | N66: =IF(I66="","",I66-B66) -> 24 | O66: =IFERROR((G66-_xludf.XLOOKUP(D66,Articles!A:A,Articles!D:D))/_xludf.XLOOKUP(D66,Articles!A:A,Articles!D:D),"") | P66: Excel
A67: PO202600066 | B67: 46021 | C67: F019 | D67: A0044 | E67: TRV-01 | F67: 7 | G67: 166.56 | H67: 46082 | I67: 46084 | J67: Partiellement reçue | K67: CAD | L67: J. Bouchard | M67: =F67*G67 -> 1165.92 | N67: =IF(I67="","",I67-B67) -> 63 | O67: =IFERROR((G67-_xludf.XLOOKUP(D67,Articles!A:A,Articles!D:D))/_xludf.XLOOKUP(D67,Articles!A:A,Articles!D:D),"") | P67: SAP
A68: PO202600067 | B68: 46067 | C68: F010 | D68: A0045 | E68: TRV-01 | F68: 105 | G68: 52.32 | H68: 46106 | I68: 46103 | J68: Fermée | K68: CAD | L68: M. Gagnon | M68: =F68*G68 -> 5493.6 | N68: =IF(I68="","",I68-B68) -> 36 | O68: =IFERROR((G68-_xludf.XLOOKUP(D68,Articles!A:A,Articles!D:D))/_xludf.XLOOKUP(D68,Articles!A:A,Articles!D:D),"") | P68: Manuel
A69: PO202600068 | B69: 46000 | C69: F005 | D69: A0035 | E69: QC-01 | F69: 117 | G69: 162.63 | H69: 46061 | I69: 46065 | J69: Fermée | K69: CAD | L69: A. Tremblay | M69: =F69*G69 -> 19027.71 | N69: =IF(I69="","",I69-B69) -> 65 | O69: =IFERROR((G69-_xludf.XLOOKUP(D69,Articles!A:A,Articles!D:D))/_xludf.XLOOKUP(D69,Articles!A:A,Articles!D:D),"") | P69: SAP
A70: PO202600069 | B70: 46005 | C70: F020 | D70: A0032 | E70: TRV-02 | F70: 241 | G70: 74.74 | H70: 46024 | I70: 46026 | J70: Ouverte | K70: CAD | L70: S. Côté | M70: =F70*G70 -> 18012.34 | N70: =IF(I70="","",I70-B70) -> 21 | O70: =IFERROR((G70-_xludf.XLOOKUP(D70,Articles!A:A,Articles!D:D))/_xludf.XLOOKUP(D70,Articles!A:A,Articles!D:D),"") | P70: SAP
A71: PO202600070 | B71: 46040 | C71: F012 | D71: A0007 | E71: TRV-01 | F71: 231 | G71: 268.99 | H71: 46065 | I71: 46062 | J71: Fermée | K71: CAD | L71: J. Bouchard | M71: =F71*G71 -> 62136.69 | N71: =IF(I71="","",I71-B71) -> 22 | O71: =IFERROR((G71-_xludf.XLOOKUP(D71,Articles!A:A,Articles!D:D))/_xludf.XLOOKUP(D71,Articles!A:A,Articles!D:D),"") | P71: SAP
A72: PO202600071 | B72: 46065 | C72: F007 | D72: A0006 | E72: TRV-02 | F72: 164 | G72: 425.57 | H72: 46082 | I72: 46079 | J72: Fermée | K72: CAD | L72: V. Lavoie | M72: =F72*G72 -> 69793.48 | N72: =IF(I72="","",I72-B72) -> 14 | O72: =IFERROR((G72-_xludf.XLOOKUP(D72,Articles!A:A,Articles!D:D))/_xludf.XLOOKUP(D72,Articles!A:A,Articles!D:D),"") | P72: SAP
A73: PO202600072 | B73: 46113 | C73: F003 | D73: A0014 | E73: TRV-02 | F73: 196 | G73: 383.66 | H73: 46130 | I73: 46154 | J73: Partiellement reçue | K73: CAD | L73: V. Lavoie | M73: =F73*G73 -> 75197.36 | N73: =IF(I73="","",I73-B73) -> 41 | O73: =IFERROR((G73-_xludf.XLOOKUP(D73,Articles!A:A,Articles!D:D))/_xludf.XLOOKUP(D73,Articles!A:A,Articles!D:D),"") | P73: SAP
... A80: PO202600079 | B80: 46112 | C80: F009 | D80: A0027 | E80: MTL-01 | F80: 117 | G80: 240.56 | H80: 46135 | I80: 46137 | J80: Fermée | K80: CAD | L80: M. Gagnon | M80: =F80*G80 -> 28145.52 | N80: =IF(I80="","",I80-B80) -> 25 | O80: =IFERROR((G80-_xludf.XLOOKUP(D80,Articles!A:A,Articles!D:D))/_xludf.XLOOKUP(D80,Articles!A:A,Articles!D:D),"") | P80: SAP
A81: PO202600080 | B81: 45918 | C81: F016 | D81: A0044 | E81: TRV-02 | F81: 24 | G81: 176.79 | H81: 45972 | J81: Ouverte | K81: CAD | L81: V. Lavoie | M81: =F81*G81 -> 4242.96 | N81: =IF(I81="","",I81-B81) | O81: =IFERROR((G81-_xludf.XLOOKUP(D81,Articles!A:A,Articles!D:D))/_xludf.XLOOKUP(D81,Articles!A:A,Articles!D:D),"") | P81: SAP
A82: PO202600081 | B82: 46044 | C82: F015 | D82: A0004 | E82: QC-01 | F82: 144 | G82: 191.33 | H82: 46081 | I82: 46085 | J82: Fermée | K82: CAD | L82: A. Tremblay | M82: =F82*G82 -> 27551.52 | N82: =IF(I82="","",I82-B82) -> 41 | O82: =IFERROR((G82-_xludf.XLOOKUP(D82,Articles!A:A,Articles!D:D))/_xludf.XLOOKUP(D82,Articles!A:A,Articles!D:D),"") | P82: SAP
A83: PO202600082 | B83: 45980 | C83: F020 | D83: A0019 | E83: TRV-01 | F83: 91 | G83: 192.73 | H83: 46045 | I83: 46045 | J83: Ouverte | K83: CAD | L83: S. Côté | M83: =F83*G83 -> 17538.43 | N83: =IF(I83="","",I83-B83) -> 65 | O83: =IFERROR((G83-_xludf.XLOOKUP(D83,Articles!A:A,Articles!D:D))/_xludf.XLOOKUP(D83,Articles!A:A,Articles!D:D),"") | P83: SAP
A84: PO202600083 | B84: 45930 | C84: F012 | D84: A0036 | E84: TRV-01 | F84: 196 | G84: 282.67 | H84: 45958 | I84: 45962 | J84: Partiellement reçue | K84: CAD | L84: V. Lavoie | M84: =F84*G84 -> 55403.32 | N84: =IF(I84="","",I84-B84) -> 32 | O84: =IFERROR((G84-_xludf.XLOOKUP(D84,Articles!A:A,Articles!D:D))/_xludf.XLOOKUP(D84,Articles!A:A,Articles!D:D),"") | P84: Manuel
A85: PO202600084 | B85: 45908 | C85: F009 | D85: A0043 | E85: TRV-02 | F85: 47 | G85: 115.06 | H85: 45952 | I85: 45954 | J85: Fermée | K85: CAD | L85: V. Lavoie | M85: =F85*G85 -> 5407.82 | N85: =IF(I85="","",I85-B85) -> 46 | O85: =IFERROR((G85-_xludf.XLOOKUP(D85,Articles!A:A,Articles!D:D))/_xludf.XLOOKUP(D85,Articles!A:A,Articles!D:D),"") | P85: SAP
A86: PO202600085 | B86: 45918 | C86: F019 | D86: A0043 | E86: QC-01 | F86: 37 | G86: 132.39 | H86: 45958 | I86: 45957 | J86: Fermée | K86: CAD | L86: J. Bouchard | M86: =F86*G86 -> 4898.43 | N86: =IF(I86="","",I86-B86) -> 39 | O86: =IFERROR((G86-_xludf.XLOOKUP(D86,Articles!A:A,Articles!D:D))/_xludf.XLOOKUP(D86,Articles!A:A,Articles!D:D),"") | P86: SAP
A87: PO202600086 | B87: 45995 | C87: F006 | D87: A0022 | E87: TRV-01 | F87: 80 | G87: 274.97 | H87: 46027 | I87: 46026 | J87: Partiellement reçue | K87: CAD | L87: A. Tremblay | M87: =F87*G87 -> 21997.6 | N87: =IF(I87="","",I87-B87) -> 31 | O87: =IFERROR((G87-_xludf.XLOOKUP(D87,Articles!A:A,Articles!D:D))/_xludf.XLOOKUP(D87,Articles!A:A,Articles!D:D),"") | P87: SAP
A88: PO202600087 | B88: 46070 | C88: F009 | D88: A0018 | E88: TRV-01 | F88: 109 | G88: 434.29 | H88: 46117 | I88: 46121 | J88: Fermée | K88: CAD | L88: S. Côté | M88: =F88*G88 -> 47337.61 | N88: =IF(I88="","",I88-B88) -> 51 | O88: =IFERROR((G88-_xludf.XLOOKUP(D88,Articles!A:A,Articles!D:D))/_xludf.XLOOKUP(D88,Articles!A:A,Articles!D:D),"") | P88: Excel
A89: PO202600088 | B89: 45973 | C89: F004 | D89: A0028 | E89: QC-01 | F89: 174 | G89: 417.34 | H89: 45999 | I89: 46011 | J89: Fermée | K89: CAD | L89: V. Lavoie | M89: =F89*G89 -> 72617.16 | N89: =IF(I89="","",I89-B89) -> 38 | O89: =IFERROR((G89-_xludf.XLOOKUP(D89,Articles!A:A,Articles!D:D))/_xludf.XLOOKUP(D89,Articles!A:A,Articles!D:D),"") | P89: SAP
A90: PO202600089 | B90: 45953 | C90: F001 | D90: A0004 | E90: QC-01 | F90: 78 | G90: 276.23 | H90: 45991 | I90: 45992 | J90: Fermée | K90: CAD | L90: J. Bouchard | M90: =F90*G90 -> 21545.94 | N90: =IF(I90="","",I90-B90) -> 39 | O90: =IFERROR((G90-_xludf.XLOOKUP(D90,Articles!A:A,Articles!D:D))/_xludf.XLOOKUP(D90,Articles!A:A,Articles!D:D),"") | P90: SAP
A91: PO202600090 | B91: 45998 | C91: F005 | D91: A0012 | E91: TRV-01 | F91: 137 | G91: 218.89 | H91: 46036 | I91: 46048 | J91: Partiellement reçue | K91: CAD | L91: J. Bouchard | M91: =F91*G91 -> 29987.93 | N91: =IF(I91="","",I91-B91) -> 50 | O91: =IFERROR((G91-_xludf.XLOOKUP(D91,Articles!A:A,Articles!D:D))/_xludf.XLOOKUP(D91,Articles!A:A,Articles!D:D),"") | P91: Manuel
A92: PO202600091 | B92: 45905 | C92: F014 | D92: A0003 | E92: QC-01 | F92: 118 | G92: 352.46 | H92: 45958 | I92: 45962 | J92: Fermée | K92: CAD | L92: S. Côté | M92: =F92*G92 -> 41590.28 | N92: =IF(I92="","",I92-B92) -> 57 | O92: =IFERROR((G92-_xludf.XLOOKUP(D92,Articles!A:A,Articles!D:D))/_xludf.XLOOKUP(D92,Articles!A:A,Articles!D:D),"") | P92: SAP
A93: PO202600092 | B93: 45906 | C93: F013 | D93: A0008 | E93: TRV-01 | F93: 248 | G93: 399.34 | H93: 45954 | I93: 45961 | J93: Partiellement reçue | K93: CAD | L93: J. Bouchard | M93: =F93*G93 -> 99036.32 | N93: =IF(I93="","",I93-B93) -> 55 | O93: =IFERROR((G93-_xludf.XLOOKUP(D93,Articles!A:A,Articles!D:D))/_xludf.XLOOKUP(D93,Articles!A:A,Articles!D:D),"") | P93: Manuel
... A110: PO202600109 | B110: 46013 | C110: F019 | D110: A0024 | E110: TRV-02 | F110: 119 | G110: 480.67 | H110: 46026 | I110: 46038 | J110: Fermée | K110: CAD | L110: V. Lavoie | M110: =F110*G110 -> 57199.73 | N110: =IF(I110="","",I110-B110) -> 25 | O110: =IFERROR((G110-_xludf.XLOOKUP(D110,Articles!A:A,Articles!D:D))/_xludf.XLOOKUP(D110,Articles!A:A,Articles!D:D),"") | P110: Manuel
A111: PO202600110 | B111: 45914 | C111: F009 | D111: A0009 | E111: TRV-01 | F111: 165 | G111: 186.83 | H111: 45928 | J111: Partiellement reçue | K111: CAD | L111: S. Côté | M111: =F111*G111 -> 30826.95 | N111: =IF(I111="","",I111-B111) | O111: =IFERROR((G111-_xludf.XLOOKUP(D111,Articles!A:A,Articles!D:D))/_xludf.XLOOKUP(D111,Articles!A:A,Articles!D:D),"") | P111: SAP
A112: PO202600111 | B112: 45970 | C112: F006 | D112: A0006 | E112: QC-01 | F112: 116 | G112: 321.84 | H112: 45989 | J112: Ouverte | K112: CAD | L112: S. Côté | M112: =F112*G112 -> 37333.44 | N112: =IF(I112="","",I112-B112) | O112: =IFERROR((G112-_xludf.XLOOKUP(D112,Articles!A:A,Articles!D:D))/_xludf.XLOOKUP(D112,Articles!A:A,Articles!D:D),"") | P112: Manuel
A113: PO202600112 | B113: 45914 | C113: F014 | D113: A0002 | E113: TRV-01 | F113: 102 | G113: 251.16 | H113: 45936 | I113: 45940 | J113: Annulée | K113: CAD | L113: S. Côté | M113: =F113*G113 -> 25618.32 | N113: =IF(I113="","",I113-B113) -> 26 | O113: =IFERROR((G113-_xludf.XLOOKUP(D113,Articles!A:A,Articles!D:D))/_xludf.XLOOKUP(D113,Articles!A:A,Articles!D:D),"") | P113: SAP
A114: PO202600113 | B114: 46103 | C114: F011 | D114: A0007 | E114: QC-01 | F114: 38 | G114: 352.91 | H114: 46127 | I114: 46134 | J114: Fermée | K114: CAD | L114: J. Bouchard | M114: =F114*G114 -> 13410.58 | N114: =IF(I114="","",I114-B114) -> 31 | O114: =IFERROR((G114-_xludf.XLOOKUP(D114,Articles!A:A,Articles!D:D))/_xludf.XLOOKUP(D114,Articles!A:A,Articles!D:D),"") | P114: SAP
A115: PO202600114 | B115: 45921 | C115: F001 | D115: A0040 | E115: QC-01 | F115: 5 | G115: 383.65 | H115: 45948 | I115: 45960 | J115: Partiellement reçue | K115: CAD | L115: A. Tremblay | M115: =F115*G115 -> 1918.25 | N115: =IF(I115="","",I115-B115) -> 39 | O115: =IFERROR((G115-_xludf.XLOOKUP(D115,Articles!A:A,Articles!D:D))/_xludf.XLOOKUP(D115,Articles!A:A,Articles!D:D),"") | P115: SAP
A116: PO202600115 | B116: 45978 | C116: F008 | D116: A0019 | E116: QC-01 | F116: 32 | G116: 296.98 | H116: 46041 | I116: 46048 | J116: Ouverte | K116: CAD | L116: V. Lavoie | M116: =F116*G116 -> 9503.36 | N116: =IF(I116="","",I116-B116) -> 70 | O116: =IFERROR((G116-_xludf.XLOOKUP(D116,Articles!A:A,Articles!D:D))/_xludf.XLOOKUP(D116,Articles!A:A,Articles!D:D),"") | P116: Excel
A117: PO202600116 | B117: 46062 | C117: F001 | D117: A0035 | E117: TRV-02 | F117: 132 | G117: 172.99 | H117: 46117 | I117: 46118 | J117: Fermée | K117: CAD | L117: V. Lavoie | M117: =F117*G117 -> 22834.68 | N117: =IF(I117="","",I117-B117) -> 56 | O117: =IFERROR((G117-_xludf.XLOOKUP(D117,Articles!A:A,Articles!D:D))/_xludf.XLOOKUP(D117,Articles!A:A,Articles!D:D),"") | P117: SAP
A118: PO202600117 | B118: 46071 | C118: F006 | D118: A9546 | E118: TRV-01 | F118: 172 | G118: 217.26 | H118: 46098 | I118: 46097 | J118: Annulée | K118: CAD | L118: J. Bouchard | M118: =F118*G118 -> 37368.72 | N118: =IF(I118="","",I118-B118) -> 26 | O118: =IFERROR((G118-_xludf.XLOOKUP(D118,Articles!A:A,Articles!D:D))/_xludf.XLOOKUP(D118,Articles!A:A,Articles!D:D),"") | P118: SAP
A119: PO202600118 | B119: 46063 | C119: F015 | D119: A0031 | E119: TRV-02 | F119: 100 | G119: 329.96 | H119: 46123 | I119: 46120 | J119: Fermée | K119: CAD | L119: A. Tremblay | M119: =F119*G119 -> 32996 | N119: =IF(I119="","",I119-B119) -> 57 | O119: =IFERROR((G119-_xludf.XLOOKUP(D119,Articles!A:A,Articles!D:D))/_xludf.XLOOKUP(D119,Articles!A:A,Articles!D:D),"") | P119: SAP
A120: PO202600119 | B120: 45935 | C120: F009 | D120: A0038 | E120: QC-01 | F120: 12 | G120: 398.16 | H120: 45993 | I120: 45993 | J120: Partiellement reçue | K120: CAD | L120: M. Gagnon | M120: =F120*G120 -> 4777.92 | N120: =IF(I120="","",I120-B120) -> 58 | O120: =IFERROR((G120-_xludf.XLOOKUP(D120,Articles!A:A,Articles!D:D))/_xludf.XLOOKUP(D120,Articles!A:A,Articles!D:D),"") | P120: SAP
A121: PO202600120 | B121: 46084 | C121: F003 | D121: A0009 | E121: TRV-01 | F121: 199 | G121: 212.93 | H121: 46093 | I121: 46094 | J121: Ouverte | K121: CAD | L121: S. Côté | M121: =F121*G121 -> 42373.07 | N121: =IF(I121="","",I121-B121) -> 10 | O121: =IFERROR((G121-_xludf.XLOOKUP(D121,Articles!A:A,Articles!D:D))/_xludf.XLOOKUP(D121,Articles!A:A,Articles!D:D),"") | P121: Manuel
A122: PO202600121 | B122: 46002 | C122: F017 | D122: A0020 | E122: MTL-01 | F122: 209 | G122: 91.29 | H122: 46047 | J122: Fermée | K122: CAD | L122: A. Tremblay | M122: =F122*G122 -> 19079.61 | N122: =IF(I122="","",I122-B122) | O122: =IFERROR((G122-_xludf.XLOOKUP(D122,Articles!A:A,Articles!D:D))/_xludf.XLOOKUP(D122,Articles!A:A,Articles!D:D),"") | P122: SAP
A123: PO202600122 | B123: 45970 | C123: F011 | D123: A0042 | E123: QC-01 | F123: 32 | G123: 317.71 | H123: 46004 | I123: 46008 | J123: Fermée | K123: CAD | L123: S. Côté | M123: =F123*G123 -> 10166.72 | N123: =IF(I123="","",I123-B123) -> 38 | O123: =IFERROR((G123-_xludf.XLOOKUP(D123,Articles!A:A,Articles!D:D))/_xludf.XLOOKUP(D123,Articles!A:A,Articles!D:D),"") | P123: Excel
A124: PO202600123 | B124: 46078 | C124: F004 | D124: A0012 | E124: TRV-01 | F124: 128 | G124: 198.08 | H124: 46116 | I124: 46117 | J124: Partiellement reçue | K124: CAD | L124: J. Bouchard | M124: =F124*G124 -> 25354.24 | N124: =IF(I124="","",I124-B124) -> 39 | O124: =IFERROR((G124-_xludf.XLOOKUP(D124,Articles!A:A,Articles!D:D))/_xludf.XLOOKUP(D124,Articles!A:A,Articles!D:D),"") | P124: SAP
A125: PO202600124 | B125: 46040 | C125: F009 | D125: A0039 | E125: QC-01 | F125: 76 | G125: 300.91 | H125: 46068 | I125: 46070 | J125: Fermée | K125: CAD | L125: M. Gagnon | M125: =F125*G125 -> 22869.16 | N125: =IF(I125="","",I125-B125) -> 30 | O125: =IFERROR((G125-_xludf.XLOOKUP(D125,Articles!A:A,Articles!D:D))/_xludf.XLOOKUP(D125,Articles!A:A,Articles!D:D),"") | P125: SAP
A126: PO202600125 | B126: 45990 | C126: F015 | D126: A0045 | E126: TRV-01 | F126: 115 | G126: 84.65 | H126: 46034 | I126: 46038 | J126: Fermée | K126: CAD | L126: A. Tremblay | M126: =F126*G126 -> 9734.75 | N126: =IF(I126="","",I126-B126) -> 48 | O126: =IFERROR((G126-_xludf.XLOOKUP(D126,Articles!A:A,Articles!D:D))/_xludf.XLOOKUP(D126,Articles!A:A,Articles!D:D),"") | P126: Manuel
A127: PO202600126 | B127: 45994 | C127: F013 | D127: A0043 | E127: QC-01 | F127: 132 | G127: 134.61 | H127: 46044 | I127: 46044 | J127: Annulée | K127: CAD | L127: A. Tremblay | M127: =F127*G127 -> 17768.52 | N127: =IF(I127="","",I127-B127) -> 50 | O127: =IFERROR((G127-_xludf.XLOOKUP(D127,Articles!A:A,Articles!D:D))/_xludf.XLOOKUP(D127,Articles!A:A,Articles!D:D),"") | P127: SAP
A128: PO202600127 | B128: 45961 | C128: F003 | D128: A0009 | E128: TRV-02 | F128: 200 | G128: 196.1 | H128: 45975 | I128: 45979 | J128: Partiellement reçue | K128: CAD | L128: J. Bouchard | M128: =F128*G128 -> 39220 | N128: =IF(I128="","",I128-B128) -> 18 | O128: =IFERROR((G128-_xludf.XLOOKUP(D128,Articles!A:A,Articles!D:D))/_xludf.XLOOKUP(D128,Articles!A:A,Articles!D:D),"") | P128: SAP
A129: PO202600128 | B129: 46014 | C129: F012 | D129: A0024 | E129: MTL-01 | F129: 196 | G129: 297.12 | H129: 46023 | I129: 46043 | J129: Fermée | K129: CAD | L129: M. Gagnon | M129: =F129*G129 -> 58235.52 | N129: =IF(I129="","",I129-B129) -> 29 | O129: =IFERROR((G129-_xludf.XLOOKUP(D129,Articles!A:A,Articles!D:D))/_xludf.XLOOKUP(D129,Articles!A:A,Articles!D:D),"") | P129: SAP
A130: PO202600129 | B130: 46089 | C130: F001 | D130: A0008 | E130: QC-01 | F130: 48 | G130: 421.38 | H130: 46134 | I130: 46146 | J130: Ouverte | K130: CAD | L130: M. Gagnon | M130: =F130*G130 -> 20226.24 | N130: =IF(I130="","",I130-B130) -> 57 | O130: =IFERROR((G130-_xludf.XLOOKUP(D130,Articles!A:A,Articles!D:D))/_xludf.XLOOKUP(D130,Articles!A:A,Articles!D:D),"") | P130: Excel
A131: PO202600130 | B131: 46078 | C131: F010 | D131: A0040 | E131: TRV-02 | F131: 235 | G131: 475.88 | H131: 46106 | I131: 46105 | J131: Ouverte | K131: CAD | L131: J. Bouchard | M131: =F131*G131 -> 111831.8 | N131: =IF(I131="","",I131-B131) -> 27 | O131: =IFERROR((G131-_xludf.XLOOKUP(D131,Articles!A:A,Articles!D:D))/_xludf.XLOOKUP(D131,Articles!A:A,Articles!D:D),"") | P131: SAP
A132: PO202600131 | B132: 46071 | C132: F937 | D132: A0006 | E132: TRV-02 | F132: 89 | G132: 304.99 | H132: 46096 | I132: 46108 | J132: Fermée | K132: CAD | L132: M. Gagnon | M132: =F132*G132 -> 27144.11 | N132: =IF(I132="","",I132-B132) -> 37 | O132: =IFERROR((G132-_xludf.XLOOKUP(D132,Articles!A:A,Articles!D:D))/_xludf.XLOOKUP(D132,Articles!A:A,Articles!D:D),"") | P132: SAP
A133: PO202600132 | B133: 45958 | C133: F017 | D133: A0024 | E133: MTL-01 | F133: 32 | G133: 389.85 | H133: 45967 | J133: Fermée | K133: CAD | L133: J. Bouchard | M133: =F133*G133 -> 12475.2 | N133: =IF(I133="","",I133-B133) | O133: =IFERROR((G133-_xludf.XLOOKUP(D133,Articles!A:A,Articles!D:D))/_xludf.XLOOKUP(D133,Articles!A:A,Articles!D:D),"") | P133: SAP
A134: PO202600133 | B134: 46057 | C134: F005 | D134: A0036 | E134: QC-01 | F134: 227 | G134: 265.19 | H134: 46086 | I134: 46090 | J134: Annulée | K134: CAD | L134: J. Bouchard | M134: =F134*G134 -> 60198.13 | N134: =IF(I134="","",I134-B134) -> 33 | O134: =IFERROR((G134-_xludf.XLOOKUP(D134,Articles!A:A,Articles!D:D))/_xludf.XLOOKUP(D134,Articles!A:A,Articles!D:D),"") | P134: SAP
A135: PO202600134 | B135: 45933 | C135: F015 | D135: A0037 | E135: TRV-02 | F135: 249 | G135: 415.36 | H135: 45988 | I135: 45995 | J135: Fermée | K135: CAD | L135: V. Lavoie | M135: =F135*G135 -> 103424.64 | N135: =IF(I135="","",I135-B135) -> 62 | O135: =IFERROR((G135-_xludf.XLOOKUP(D135,Articles!A:A,Articles!D:D))/_xludf.XLOOKUP(D135,Articles!A:A,Articles!D:D),"") | P135: SAP
A136: PO202600135 | B136: 45947 | C136: F019 | D136: A0041 | E136: TRV-01 | F136: 197 | G136: 106.42 | H136: 45977 | I136: 46002 | J136: Partiellement reçue | K136: CAD | L136: V. Lavoie | M136: =F136*G136 -> 20964.74 | N136: =IF(I136="","",I136-B136) -> 55 | O136: =IFERROR((G136-_xludf.XLOOKUP(D136,Articles!A:A,Articles!D:D))/_xludf.XLOOKUP(D136,Articles!A:A,Articles!D:D),"") | P136: SAP
A137: PO202600136 | B137: 45943 | C137: F010 | D137: A0010 | E137: MTL-01 | F137: 42 | G137: 279.67 | H137: 45995 | I137: 45997 | J137: Partiellement reçue | K137: CAD | L137: A. Tremblay | M137: =F137*G137 -> 11746.14 | N137: =IF(I137="","",I137-B137) -> 54 | O137: =IFERROR((G137-_xludf.XLOOKUP(D137,Articles!A:A,Articles!D:D))/_xludf.XLOOKUP(D137,Articles!A:A,Articles!D:D),"") | P137: SAP
A138: PO202600137 | B138: 46063 | C138: F007 | D138: A0017 | E138: TRV-02 | F138: 245 | G138: 335.93 | H138: 46118 | I138: 46132 | J138: Fermée | K138: CAD | L138: V. Lavoie | M138: =F138*G138 -> 82302.85 | N138: =IF(I138="","",I138-B138) -> 69 | O138: =IFERROR((G138-_xludf.XLOOKUP(D138,Articles!A:A,Articles!D:D))/_xludf.XLOOKUP(D138,Articles!A:A,Articles!D:D),"") | P138: SAP
A139: PO202600138 | B139: 45944 | C139: F019 | D139: A0038 | E139: TRV-01 | F139: 169 | G139: 432.18 | H139: 46006 | I139: 46008 | J139: Partiellement reçue | K139: CAD | L139: A. Tremblay | M139: =F139*G139 -> 73038.42 | N139: =IF(I139="","",I139-B139) -> 64 | O139: =IFERROR((G139-_xludf.XLOOKUP(D139,Articles!A:A,Articles!D:D))/_xludf.XLOOKUP(D139,Articles!A:A,Articles!D:D),"") | P139: SAP
A140: PO202600139 | B140: 45968 | C140: F019 | D140: A0003 | E140: MTL-01 | F140: 167 | G140: 285.77 | H140: 46025 | I140: 46029 | J140: Fermée | K140: CAD | L140: S. Côté | M140: =F140*G140 -> 47723.59 | N140: =IF(I140="","",I140-B140) -> 61 | O140: =IFERROR((G140-_xludf.XLOOKUP(D140,Articles!A:A,Articles!D:D))/_xludf.XLOOKUP(D140,Articles!A:A,Articles!D:D),"") | P140: SAP
A141: PO202600140 | B141: 46107 | C141: F008 | D141: A0031 | E141: QC-01 | F141: 207 | G141: 471.36 | H141: 46167 | I141: 46174 | J141: Ouverte | K141: CAD | L141: J. Bouchard | M141: =F141*G141 -> 97571.52 | N141: =IF(I141="","",I141-B141) -> 67 | O141: =IFERROR((G141-_xludf.XLOOKUP(D141,Articles!A:A,Articles!D:D))/_xludf.XLOOKUP(D141,Articles!A:A,Articles!D:D),"") | P141: SAP
A142: PO202600141 | B142: 45953 | C142: F015 | D142: A0031 | E142: QC-01 | F142: 88 | G142: 297.58 | H142: 46014 | I142: 46016 | J142: Fermée | K142: CAD | L142: M. Gagnon | M142: =F142*G142 -> 26187.04 | N142: =IF(I142="","",I142-B142) -> 63 | O142: =IFERROR((G142-_xludf.XLOOKUP(D142,Articles!A:A,Articles!D:D))/_xludf.XLOOKUP(D142,Articles!A:A,Articles!D:D),"") | P142: Excel
A143: PO202600142 | B143: 46044 | C143: F017 | D143: A0024 | E143: TRV-01 | F143: -10 | G143: 321.85 | H143: 46058 | I143: 46057 | J143: Fermée | K143: CAD | L143: A. Tremblay | M143: =F143*G143 -> -3218.5 | N143: =IF(I143="","",I143-B143) -> 13 | O143: =IFERROR((G143-_xludf.XLOOKUP(D143,Articles!A:A,Articles!D:D))/_xludf.XLOOKUP(D143,Articles!A:A,Articles!D:D),"") | P143: SAP
A144: PO202600143 | B144: 46058 | C144: F013 | D144: A0019 | E144: TRV-02 | F144: 108 | G144: 202.22 | H144: 46117 | I144: 46119 | J144: Partiellement reçue | K144: CAD | L144: M. Gagnon | M144: =F144*G144 -> 21839.76 | N144: =IF(I144="","",I144-B144) -> 61 | O144: =IFERROR((G144-_xludf.XLOOKUP(D144,Articles!A:A,Articles!D:D))/_xludf.XLOOKUP(D144,Articles!A:A,Articles!D:D),"") | P144: SAP
A145: PO202600144 | B145: 46020 | C145: F017 | D145: A0032 | E145: QC-01 | F145: 128 | G145: 73.31 | H145: 46046 | I145: 46043 | J145: Ouverte | K145: CAD | L145: M. Gagnon | M145: =F145*G145 -> 9383.68 | N145: =IF(I145="","",I145-B145) -> 23 | O145: =IFERROR((G145-_xludf.XLOOKUP(D145,Articles!A:A,Articles!D:D))/_xludf.XLOOKUP(D145,Articles!A:A,Articles!D:D),"") | P145: Manuel
... A165: PO202600164 | B165: 45910 | C165: F006 | D165: A0027 | E165: MTL-01 | F165: 215 | G165: 240.43 | H165: 45939 | I165: 45939 | J165: Partiellement reçue | K165: CAD | L165: A. Tremblay | M165: =F165*G165 -> 51692.45 | N165: =IF(I165="","",I165-B165) -> 29 | O165: =IFERROR((G165-_xludf.XLOOKUP(D165,Articles!A:A,Articles!D:D))/_xludf.XLOOKUP(D165,Articles!A:A,Articles!D:D),"") | P165: Manuel
A166: PO202600165 | B166: 46046 | C166: F010 | D166: A0001 | E166: QC-01 | F166: 155 | G166: 196.56 | H166: 46058 | J166: Fermée | K166: CAD | L166: M. Gagnon | M166: =F166*G166 -> 30466.8 | N166: =IF(I166="","",I166-B166) | O166: =IFERROR((G166-_xludf.XLOOKUP(D166,Articles!A:A,Articles!D:D))/_xludf.XLOOKUP(D166,Articles!A:A,Articles!D:D),"") | P166: SAP
A167: PO202600166 | B167: 45970 | C167: F015 | D167: A0033 | E167: TRV-02 | F167: 50 | G167: 279.63 | H167: 45985 | I167: 45985 | J167: Fermée | K167: CAD | L167: A. Tremblay | M167: =F167*G167 -> 13981.5 | N167: =IF(I167="","",I167-B167) -> 15 | O167: =IFERROR((G167-_xludf.XLOOKUP(D167,Articles!A:A,Articles!D:D))/_xludf.XLOOKUP(D167,Articles!A:A,Articles!D:D),"") | P167: SAP
...

Sheet Fournisseurs
A1: ID_Fournisseur | B1: Nom_Fournisseur | C1: Pays | D1: Categorie_Fournisseur | E1: Statut_Approvisionnement | F1: Conditions_Paiement | G1: Niveau_Risque | H1: Score_Risque | I1: Date_Evaluation_Risque
A2: F001 | B2: Ferantis | C2: États-Unis | D2: Composants | E2: Approuvé | F2: Net 45 | G2: Moyen | H2: 59 | I2: 46044
A3: F002 | B3: Nordex | C3: France | D3: Matières premières | E3: Approuvé | F3: Net 30 | G3: Moyen | H3: 38 | I3: 46029
A4: F003 | B4: Gagnon Inc | C4: États-Unis | D4: Emballage | E4: Approuvé | F4: 2% 10 Net 30 | G4: Faible | H4: 29 | I4: 46068
A5: F004 | B5: Nordex | C5: États-Unis | D5: Maintenance | E5: Non approuvé | F5: Net 60 | G5: Moyen | H5: 63 | I5: 46086
A6: F005 | B6: Omnitek | C6: Canada | D6: Maintenance | E6: Approuvé | F6: Net 30 | G6: Faible | H6: 34 | I6: 46093
A7: F006 | B7: Solvex | C7: France | D7: Emballage | E7: Approuvé | F7: Net 30 | G7: Moyen | H7: 37 | I7: 46115
A8: F007 | B8: Valtrix | C8: Mexique | D8: Emballage | E8: Approuvé | F8: Net 45 | G8: Moyen | H8: 55 | I8: 46024
A9: F008 | B9: Ferantis | C9: États-Unis | D9: Matières premières | E9: Approuvé | F9: 2% 10 Net 30 | G9: Moyen | H9: 45 | I9: 46096
A10: F009 | B10: Nordex | C10: Mexique | D10: Composants | E10: Non approuvé | F10: Net 60 | G10: Moyen | H10: 41 | I10: 46042
A11: F010 | B11: Solvex | C11: États-Unis | D11: Maintenance | E11: Approuvé | F11: 2% 10 Net 30 | G11: Moyen | H11: 59 | I11: 46102
A12: F011 | B12: Valtrix | C12: Canada | D12: Composants | E12: Approuvé | F12: Net 30 | G12: Moyen | H12: 57 | I12: 46094
A13: F012 | B13: Nordex | C13: Allemagne | D13: Transport | E13: Approuvé | F13: Net 45 | G13: Faible | H13: 16 | I13: 46125
... A21: F020 | B21: Solvex | C21: Mexique | D21: Composants | E21: Approuvé | F21: Net 30 | G21: Faible | H21: 21 | I21: 46072

Sheet Articles
A1: ID_Article | B1: Description_Article | C1: Groupe_Article | D1: Prix_Standard | E1: Criticite | F1: Delai_Approvisionnement_Jours | G1: Type_Article | H1: Unite_Mesure
A2: A0001 | B2: Article 001 - Acier | C2: Acier | D2: 222.81 | E2: Faible | F2: 9 | G2: Composant | H2: KG
A3: A0002 | B3: Article 002 - Emballage | C3: Emballage | D3: 251.01 | E3: Moyenne | F3: 21 | G3: Pièce de rechange | H3: KG
A4: A0003 | B4: Article 003 - Filtres | C4: Filtres | D4: 312.92 | E4: Moyenne | F4: 50 | G4: Produit fini | H4: M
A5: A0004 | B5: Article 004 - Emballage | C5: Emballage | D5: 201.64 | E5: Moyenne | F5: 38 | G5: Pièce de rechange | H5: EA
A6: A0005 | B6: Article 005 - Électronique | C6: Électronique | D6: 157.43 | E6: Faible | F6: 42 | G6: Composant | H6: KG
A7: A0006 | B7: Article 006 - Acier | C7: Acier | D7: 286.95 | E7: Faible | F7: 19 | G7: Matière première | H7: EA
A8: A0007 | B8: Article 007 - Quincaillerie | C8: Quincaillerie | D8: 235.26 | E8: Faible | F8: 22 | G8: Pièce de rechange | H8: KG
A9: A0008 | B9: Article 008 - Filtres | C9: Filtres | D9: 421.5 | E9: Faible | F9: 41 | G9: Pièce de rechange | H9: KG
A10: A0009 | B10: Article 009 - Quincaillerie | C10: Quincaillerie | D10: 187.92 | E10: Moyenne | F10: 11 | G10: Matière première | H10: M
A11: A0010 | B11: Article 010 - Hydraulique | C11: Hydraulique | D11: 214.42 | E11: Moyenne | F11: 51 | G11: Matière première | H11: EA
A12: A0011 | B12: Article 011 - Acier | C12: Acier | D12: 157.97 | E12: Moyenne | F12: 60 | G12: Matière première | H12: KG
A13: A0012 | B13: Article 012 - Électronique | C13: Électronique | D13: 206.29 | E13: Faible | F13: 32 | G13: Composant | H13: L
... A46: A0045 | B46: Article 045 - Filtres | C46: Filtres | D46: 59.12 | E46: Critique | F46: 41 | G46: Composant | H46: L

Sheet Inventaire
A1: ID_Article | B1: Usine | C1: Stock_Actuel | D1: Point_Commande | E1: Stock_Securite | F1: Date_Derniere_MAJ | G1: Valeur_Stock | H1: Statut_Stock
A2: A0001 | B2: QC-01 | C2: 174 | D2: 105 | E2: 43 | F2: 45996 | G2: 38768.94 | H2: OK
A3: A0001 | B3: MTL-01 | C3: 156 | D3: 115 | E3: 37 | F3: 46047 | G3: 34758.36 | H3: OK
A4: A0002 | B4: MTL-01 | C4: 167 | D4: 50 | E4: 26 | F4: 46071 | G4: 41918.67 | H4: OK
A5: A0002 | B5: TRV-02 | C5: 86 | D5: 74 | E5: 43 | F5: 46052 | G5: 21586.86 | H5: OK
A6: A0003 | B6: TRV-01 | C6: 3 | D6: 27 | E6: 14 | F6: 46018 | G6: 938.76 | H6: Sous seuil
A7: A0003 | B7: MTL-01 | C7: 185 | D7: 114 | E7: 24 | F7: 46126 | G7: 57890.2 | H7: OK
A8: A0004 | B8: TRV-01 | C8: 15 | D8: 80 | E8: 48 | F8: 45978 | G8: 3024.6 | H8: Sous seuil
A9: A0004 | B9: QC-01 | C9: 168 | D9: 58 | E9: 34 | F9: 46085 | G9: 33875.52 | H9: OK
A10: A0005 | B10: TRV-01 | C10: 75 | D10: 72 | E10: 26 | F10: 46016 | G10: 11807.25 | H10: OK
A11: A0005 | B11: MTL-01 | C11: 109 | D11: 95 | E11: 59 | F11: 46050 | G11: 17159.87 | H11: OK
A12: A0006 | B12: MTL-01 | C12: 24 | D12: 43 | E12: 27 | F12: 46117 | G12: 6886.8 | H12: Sous seuil
A13: A0006 | B13: TRV-01 | C13: 45 | D13: 91 | E13: 26 | F13: 46081 | G13: 12912.75 | H13: Sous seuil
... A91: A0045 | B91: MTL-01 | C91: 200 | D91: 159 | E91: 24 | F91: 46127 | G91: 11824 | H91: OK

Sheet Dictionnaire
A1: Champ | B1: Description
A2: Projet | B2: Tableau de bord Power BI pour le contrôle qualité des données ERP
A3: Objectif | B3: Simuler des extractions ERP/SAP afin de détecter automatiquement des anomalies opérationnelles.
A4: Langue | B4: Français - Québec
A5: Période simulée | B5: 2025-09 à 2026-04
A6: Anomalies intégrées | B6: Fournisseur inexistant, article inexistant, fournisseur non approuvé, quantité négative ou nulle, écart de prix > 20 %, livraison en retard, date de livraison manquante, stock sous seuil, stock critique.
A7: Utilisation | B7: Charger les quatre tables dans Power BI, créer les relations par ID_Fournisseur et ID_Article, puis construire les contrôles en Power Query/DAX.
